neuron,iou,feature_length,best lab,w_nothing,w_left,w_main,w_right
0,0.0,1,Null,-0.01963578,-0.0031687564,0.013198203,0.0072479513
1,0.0,1,Null,-0.03766695,-0.07154844,0.021440566,0.04101434
5,0.0,1,Null,0.029746497,0.0036245196,0.008907754,0.01873479
6,0.0,1,Null,-0.063870706,-0.09575233,-0.3865355,-0.24485242
8,0.0,1,Null,-0.31401753,-0.49639356,-0.14115325,-0.029938783
10,0.0,1,Null,-0.029642055,0.018674405,-0.09238284,-0.10497876
11,0.0,1,Null,-0.32535022,-0.3503445,-0.27645737,-0.15759526
12,0.0,1,Null,-0.12950343,0.07435731,-0.011316945,0.152303
13,0.0,1,Null,-0.029070267,-0.007583798,-0.039896157,-0.09604335
14,0.0,1,Null,-0.012463839,-0.028590089,-0.104475394,-0.09733116
15,0.0,1,Null,-0.037628546,-0.010344724,-0.00040706404,0.0062030954
16,0.0,1,Null,-0.01838957,0.0071984446,0.006426629,-0.019724134
17,0.0,1,Null,0.030051649,-0.03461331,0.009138548,-0.04176779
18,0.0,1,Null,-0.029593868,-0.06587643,-0.082256466,-0.06420753
19,0.0,1,Null,-0.008302122,-0.026110444,-0.05428248,0.024611324
20,0.0,1,Null,-0.010702467,0.01653445,0.004743239,0.028870674
21,0.0,1,Null,-0.07598458,0.0323718,-0.08496099,-0.0031129338
23,0.0,1,Null,-0.10277993,-0.12707394,-0.19559947,-0.07941641
24,0.0,1,Null,-0.03078925,-0.06153244,-0.0813649,-0.046557818
25,0.0,1,Null,-0.029224256,0.012694765,0.006368248,-0.009899871
26,0.0,1,Null,-0.0077178744,-0.040918075,-0.14998104,-0.06483447
27,0.0,1,Null,-0.0019779445,-0.022416703,-0.027249034,0.016013056
28,0.0,1,Null,-0.010745458,-0.0033037274,0.028904147,-0.010639538
30,0.0,1,Null,-0.01801659,-0.044573903,-0.09543263,-0.11172433
3,0.6920042482172659,7,((((NOT Right Leg reach ground) AND Angle Near 0) AND (NOT V_y Upward)) AND (NOT Left Leg reach ground)),-0.28884125,-0.25870976,-0.22055072,-0.24930754
7,0.9996,2,(V_x High OR V_x Low),0.4447225,0.44249412,0.43690914,0.41977245
32,0.0,1,Null,-0.012669271,-0.0021361099,0.019974766,0.0026589178
33,0.0,1,Null,0.032059498,-0.01246891,0.01971762,-0.045525845
35,0.0,1,Null,-0.12311283,-0.38587034,-0.09144499,-0.11679837
36,0.0,1,Null,0.031018913,0.03701806,0.012985185,-0.037841607
37,0.0,1,Null,-0.001621663,-0.04081032,-0.016914103,0.02776553
38,0.0,1,Null,-0.36084825,-0.33063745,-0.630132,-0.009148348
39,0.0,1,Null,-0.12805778,-0.19494033,-0.14489883,-0.06795638
40,0.0,1,Null,-0.013322289,-0.015024464,-0.035021126,-0.016444547
41,0.0,1,Null,-0.024541639,-0.037772816,0.021597646,-0.039159197
42,0.0,1,Null,0.01125094,-0.047575064,-0.007978346,-0.03100575
2,0.4851164161508989,5,(((NOT Left Leg reach ground) AND Angle Near 0) AND (NOT V_y Upward)),-0.508779,-0.31845802,-0.36005887,-0.4515939
9,0.6703969594594594,2,(V_y Low OR V_y Upward),0.012383926,0.033513688,-0.14993136,-0.2754067
44,0.0,1,Null,0.014915378,-0.0983682,-0.05934927,-0.102406956
46,0.0,1,Null,-0.019539384,-0.0032415562,0.029007073,-0.031888474
45,0.0,1,Null,-0.6532539,-0.14507122,-0.16686341,-0.10770367
47,0.0,1,Null,-0.004021275,-0.029505365,0.026409993,0.02622617
48,0.0,1,Null,-0.024965752,-0.014142006,-0.006430195,0.008798322
50,0.0,1,Null,-0.047826592,-0.052267518,0.035187528,-0.17266603
51,0.0,1,Null,-0.3690155,-0.22836858,-0.7084011,-0.59800583
52,0.0,1,Null,-0.007652697,0.007901822,0.00784247,-0.0590711
53,0.0,1,Null,-0.201983,-0.28168175,-0.23549968,-0.22457853
54,0.0,1,Null,-0.0022514698,-0.0129625155,0.011436974,-0.008416299
55,0.0,1,Null,0.008302689,0.029165717,0.012291585,-0.04982052
4,0.6812136325852036,5,(((Left Leg reach ground OR Right Leg reach ground) AND (NOT X Coord Outside Wider Center)) OR Right Leg reach ground),-0.36536613,-0.56858224,-0.74420196,-0.3258975
29,0.9997,2,(V_x High OR V_x Low),0.47696015,0.44571123,0.51775914,0.34288982
22,0.6617016935319323,4,((NOT V_y Upward) AND (V_y High OR Y Coord Far From Ground)),0.63722134,0.7416337,0.5604173,0.6980766
31,0.996,2,(V_x High OR V_x Low),0.41675666,0.39579868,0.51394564,0.518882
60,0.0,1,Null,0.04499729,0.05382509,-0.0027856089,0.020877711
61,0.0,1,Null,0.0025766643,0.0006958445,-0.029815834,-0.00086768245
57,0.5579745202386712,4,(((NOT Left Leg reach ground) AND V_y Low) AND Angular Velocity Low),-0.29652336,-0.063899666,-0.545055,-0.5772821
63,0.0,1,Null,-0.048786525,0.023268392,0.015186686,-0.001132724
64,0.0,1,Null,0.00068957923,-0.0016458542,0.0018006465,0.031931676
65,0.0,1,Null,0.019021943,-0.023008263,-0.011184598,0.026063247
66,0.0,1,Null,-0.02143183,-0.068252705,-0.045465223,-0.07119024
34,0.30618401206636503,3,((V_x Low AND V_y High) AND Angle Near 0),-0.19979899,-0.036954187,-0.10486966,-0.4344358
68,0.0,1,Null,-0.010399557,-0.019574896,-0.02537173,-0.09915276
69,0.0,1,Null,-0.03051101,0.030420724,0.006155935,-0.004412431
43,0.5825757575757575,5,(((V_y High OR X Coord Outside Wider Center) AND Angle Near 0) AND (NOT Right Leg reach ground)),-0.23702878,-0.16415009,-0.24676228,-0.16540709
56,0.5899802241265656,2,(Angle Near 0 AND V_y High),-0.21615876,-0.16783923,-0.24729343,-0.15506175
72,0.0,1,Null,0.013438046,-0.03160697,-0.080241464,-0.1300375
73,0.0,1,Null,0.115697876,0.009322608,0.049163606,-0.07248783
74,0.0,1,Null,-0.10235217,-0.08041184,-0.21985069,-0.13789396
75,0.0,1,Null,-0.00993104,-0.07094103,-0.10464114,-0.07730174
49,0.7531305903398927,7,(((((NOT Left Leg reach ground) AND V_y Low) AND (NOT Right Leg reach ground)) OR X Coord Outside Wider Center) AND V_y Low),-0.46274108,-0.22187875,-0.24462505,-0.38821846
62,0.22720478325859492,8,(((((NOT Right Leg reach ground) AND Angle Near 0) AND V_y Low) AND (NOT Y Coord Far From Ground)) AND (NOT Left Leg reach ground)),-0.33661425,-0.24869835,-0.20411201,-0.35784972
58,0.6306212633220691,7,(((((NOT Right Leg reach ground) AND V_y Low) OR V_x High) AND (NOT V_y Upward)) OR X Coord Outside Wider Center),-0.27483976,-0.22561486,-0.19484203,-0.23682304
59,0.5450975863263656,6,(((((NOT Left Leg reach ground) AND V_x Low) OR V_x High) OR X Coord Outside Wider Center) OR Angular Velocity High),-0.19601673,-0.23788092,-0.034418117,-0.3703297
79,0.0,1,Null,0.026072355,0.010823674,0.027505182,-0.025191821
81,0.0,1,Null,-0.033691008,-0.02493575,-0.09140368,-0.0942595
80,0.0,1,Null,0.032828327,-0.018481364,0.04880825,-0.025435042
83,0.0,1,Null,0.03280582,-0.0032024544,-0.028047696,0.023647126
67,0.6503952295104701,6,(((((NOT Right Leg reach ground) AND V_y Low) OR Y Coord Far From Ground) AND Angle Near 0) OR X Coord Outside Wider Center),-0.33973482,-0.33569327,-0.19340181,-0.2927854
85,0.0,1,Null,0.011542834,0.026374906,0.027252978,0.009082009
86,0.0,1,Null,-0.07211508,-0.08478001,-0.048673227,-0.09527886
87,0.0,1,Null,-0.063977994,-0.043275937,-0.08814823,-0.035856996
88,0.0,1,Null,-0.015232015,-0.0338088,0.008796242,0.043142024
89,0.0,1,Null,0.03295158,-0.027785972,0.035975795,-0.01531889
90,0.0,1,Null,-0.2877994,-0.12021142,0.1812108,-0.30405846
71,0.38443935926773454,2,(Right Leg reach ground AND X Coord In Center),-0.48725435,-0.05636006,-0.17783676,-0.09062591
92,0.0,1,Null,-0.03434622,-0.04349075,-0.10196991,-0.10371509
93,0.0,1,Null,0.02737008,-0.034339614,0.03778987,0.019595876
94,0.0,1,Null,-0.40947884,-0.44670227,-0.11908759,-0.83558905
95,0.0,1,Null,0.008084803,0.01952961,0.014413669,0.004542805
96,0.0,1,Null,-0.031112645,-0.08084789,-0.06812942,-0.038991082
70,0.7667318026380069,7,(((((NOT Left Leg reach ground) AND V_x Low) OR Y Coord Far From Ground) OR V_y High) AND (NOT Left Leg reach ground)),-0.50050986,-0.6388979,-0.4774244,-0.49374315
98,0.0,1,Null,-0.07212614,-0.07396316,-0.040022638,-0.00795414
99,0.0,1,Null,-0.27772832,-0.24882764,-0.31398124,-0.4365239
100,0.0,1,Null,0.03590609,0.030830901,0.04266504,-0.012491095
76,0.44102973458391537,6,((((Large Angle OR V_y High) OR V_x High) AND (NOT V_y Upward)) OR X Coord Outside Wider Center),-0.31672156,-0.1627099,-0.24332012,-0.3772522
102,0.0,1,Null,-0.034265,-0.027645193,-0.047430456,-0.13065219
103,0.0,1,Null,-0.2614179,-0.25801802,-0.3002134,-0.2504947
104,0.0,1,Null,-0.020208683,0.0077126008,-0.0021092133,0.0015923162
105,0.0,1,Null,0.01431095,0.012969365,0.0141391745,-0.024708724
106,0.0,1,Null,0.005280185,-0.2384366,-0.4715506,-0.055932987
107,0.0,1,Null,-0.008244111,0.013176774,0.025437167,0.01842713
77,0.4822990420658059,6,((((NOT Right Leg reach ground) AND Y Coord Near Ground) AND (NOT V_y High)) AND V_x Low),-0.37308204,-0.5342611,-0.3613597,-0.57839876
109,0.0,1,Null,-0.18749855,0.07237881,0.2536985,0.15826415
110,0.0,1,Null,-0.016113514,-0.03346024,-0.10890935,-0.116098754
111,0.0,1,Null,-0.4272732,-0.44021046,-0.3819644,-0.3566556
78,0.43081267649827426,6,((((V_y Low AND Y Coord Near Ground) OR X Coord Outside Wider Center) AND (NOT V_y High)) OR Left Leg reach ground),-0.43547,-0.4422278,-0.4216785,-0.44264552
113,0.0,1,Null,0.009517858,-0.020754,-0.0014660223,-0.0057082917
114,0.0,1,Null,-0.061700124,-0.24212667,-0.36898878,-0.18828782
115,0.0,1,Null,0.039391525,-0.022470629,-0.021012248,-0.012116486
116,0.0,1,Null,-0.0032759542,0.016123397,-0.0335137,0.041065387
117,0.0,1,Null,-0.083206855,-0.39487562,-0.10580394,-0.122897275
118,0.0,1,Null,-0.019862045,0.0067222957,0.017261768,0.016380908
119,0.0,1,Null,-0.095689744,-0.24954148,-0.18693139,-0.14543122
82,0.9997,2,(V_x High OR V_x Low),0.45655945,0.44509014,0.523944,0.4789688
121,0.0,1,Null,0.035544697,-0.027057173,0.028096559,-0.036478486
84,0.9592,2,(V_x High OR V_x Low),0.48385644,0.5225245,0.5493529,0.49241337
123,0.0,1,Null,-0.09281931,0.019468205,0.20491672,0.032339618
124,0.0,1,Null,0.023957442,-0.02249325,0.021769058,0.046405263
125,0.0,1,Null,0.033629853,0.008855019,0.04094186,-0.029261239
126,0.0,1,Null,0.1203016,-0.16184908,-0.020473141,-0.18242261
97,0.8759884974838246,7,(((((NOT Left Leg reach ground) AND V_x Low) OR Y Coord Far From Ground) OR V_y High) AND (NOT Left Leg reach ground)),0.729483,0.76828885,0.57372034,0.6399049
128,0.0,1,Null,-0.023494385,0.02074621,0.02318751,-0.046565317
129,0.0,1,Null,-0.115423754,-0.059969462,-0.024346907,-0.087980665
101,0.6115254237288136,7,(((((NOT Right Leg reach ground) AND Angle Near 0) AND (NOT V_y Upward)) OR V_x High) OR X Coord Outside Wider Center),-0.2789896,-0.2012133,-0.21010019,-0.31337318
112,0.41637010676156583,6,((((V_y High OR X Coord Outside Wider Center) AND Angle Near 0) AND V_x Low) AND (NOT Right Leg reach ground)),-0.25519633,-0.21907948,-0.19317676,-0.19654769
132,0.0,1,Null,0.025173295,0.021411663,-0.0368601,-0.0008999964
133,0.0,1,Null,-0.02322231,-0.040832173,-0.04968949,-0.12904707
120,0.8307672568642546,5,(((NOT Left Leg reach ground) AND (V_y High OR V_y Low)) OR Y Coord Far From Ground),-0.35954407,-0.41185686,-0.816708,-0.4170893
135,0.0,1,Null,0.033816,-0.041424073,0.02375668,0.02090156
136,0.0,1,Null,-0.085390516,-0.13509102,-0.053792693,-0.07520625
137,0.0,1,Null,-0.021431332,-0.041859634,-0.0047466154,-0.055137772
138,0.0,1,Null,-0.042527772,0.030984946,0.009321582,-0.032009296
139,0.0,1,Null,-2.6062115e-05,0.01531753,-0.0059732804,-0.011331084
140,0.0,1,Null,0.020161668,0.018112095,0.0051005916,-0.04601011
141,0.0,1,Null,-0.23436244,-0.18434013,-0.3180974,-0.21151407
142,0.0,1,Null,-0.009298198,-0.07265667,-0.10360304,-0.07764492
143,0.0,1,Null,-0.043044504,-0.046288084,-0.034195393,-0.068786785
131,0.0,1,Null,0.029858716,-0.0074070506,-0.012186664,0.018656215
145,0.0,1,Null,-0.01000816,-0.0064245895,0.005192924,-0.0023837325
146,0.0,1,Null,0.017942447,-0.079352565,-0.10017027,-0.048848253
147,0.0,1,Null,-0.00028058674,-0.0743897,-0.07090205,-0.06663996
148,0.0,1,Null,-0.043441705,-0.020091772,0.02672822,-0.020352436
149,0.0,1,Null,-0.012373413,-0.0047269403,0.023126112,0.0052475706
150,0.0,1,Null,0.020005623,0.0069539086,-0.025303055,-0.014682828
91,0.6456338845372788,8,(((((NOT Left Leg reach ground) AND Angular Velocity Low) AND (NOT V_y Upward)) AND (NOT Right Leg reach ground)) OR Y Coord Far From Ground),-0.42949176,-0.2777507,-0.36649483,-0.22136185
108,0.5557725164754699,6,((((Left Leg reach ground OR V_y Upward) OR Angular Velocity High) AND (NOT Y Coord Far From Ground)) AND V_x Low),0.12083391,0.18901064,-0.5458182,0.048729103
153,0.0,1,Null,0.084621646,0.03746611,0.04882133,-0.03481153
154,0.0,1,Null,-0.0004321608,0.0074954466,-0.044932105,-0.0027147918
127,0.7789106866288075,4,(((NOT Right Leg reach ground) AND Angle Near 0) OR Y Coord Far From Ground),-0.25691944,-0.2278984,-0.604154,-0.541347
156,0.0,1,Null,0.021466674,-0.0010301318,0.028340384,-0.0012962496
157,0.0,1,Null,0.0136985285,-0.04460208,0.018890936,-0.034423906
158,0.0,1,Null,-0.17414798,-0.053657155,-0.059392963,-0.029747564
159,0.0,1,Null,-0.021664994,-0.01359377,0.006910026,-0.042337608
122,0.9766,2,(V_x High OR V_x Low),0.13815494,0.12266462,0.18393837,0.08222898
161,0.0,1,Null,-0.03753672,-0.0059801657,-0.04999909,-0.04079758
162,0.0,1,Null,-0.0682983,0.39232355,-0.16367151,0.0824079
130,0.5226768157310498,8,(((((NOT Right Leg reach ground) AND Angle Near 0) AND V_y Low) AND (NOT Left Leg reach ground)) AND (NOT X Coord Outside Wider Center)),-0.28768197,-0.3216986,-0.10056262,-0.17816357
151,0.6475988700564972,5,(((Angular Velocity Low AND Left Leg reach ground) AND V_x Low) AND (NOT X Coord Outside Wider Center)),-0.627602,-0.24935374,0.05414158,-1.0225246
165,0.0,1,Null,-0.05631083,-0.086975254,-0.21818574,-0.21820591
166,0.0,1,Null,-0.0065629752,0.03532299,0.016909635,0.011234746
167,0.0,1,Null,0.02069559,-0.00887471,0.018904837,0.030352565
168,0.0,1,Null,-0.021791896,0.033156577,0.014349316,0.018213432
169,0.0,1,Null,-0.04168293,-0.025136262,-0.013321303,-0.07774067
170,0.0,1,Null,0.028642664,-0.043715917,0.00045650793,-0.017119199
171,0.0,1,Null,-0.08343072,0.00909408,-0.014754966,-0.09312631
172,0.0,1,Null,-0.23375534,-0.15619859,-0.19940178,-0.35185003
173,0.0,1,Null,-0.036819074,-0.008542347,0.036411736,-0.01837168
174,0.0,1,Null,0.012545304,0.025017336,-0.024063429,-0.027391337
144,0.9245708557824834,7,((((Angle Near 0 OR Angular Velocity Low) AND (NOT Left Leg reach ground)) OR V_x High) AND (NOT Right Leg reach ground)),-0.27948156,-0.2894435,-0.09304239,-0.27325585
152,0.6125107533489,7,((((Angular Velocity Low OR X Coord In Center) AND (NOT Left Leg reach ground)) OR Y Coord Far From Ground) AND (NOT Right Leg reach ground)),-0.3929723,-0.30710232,-0.27968594,-0.19664192
177,0.0,1,Null,0.02319743,-0.008488049,-0.03715925,-0.012680312
160,0.3667578999751182,6,(((Large Angle OR V_y High) AND (NOT Left Leg reach ground)) AND (NOT V_y Upward)),-0.005405233,-0.38821942,-0.39167315,-0.16634353
179,0.0,1,Null,-0.017699318,-0.03478838,-0.18716766,-0.06740284
180,0.0,1,Null,-0.024289532,-0.07561413,-0.0872191,-0.03765019
181,0.0,1,Null,0.03453004,0.016009733,-0.011024518,0.020495914
182,0.0,1,Null,-0.24821255,-0.4096347,-0.23444493,-0.3151192
183,0.0,1,Null,-0.0031284376,-0.018357735,-0.0015196964,-0.0038613165
184,0.0,1,Null,-0.051754024,0.020183345,0.044733167,0.0028594139
185,0.0,1,Null,0.023915768,-0.015771605,-0.020127498,-0.0034078066
164,0.44314868804664725,5,((((Angular Velocity High OR Right Leg reach ground) AND V_x Low) AND X Coord In Center) OR Right Leg reach ground),0.009627937,0.005144511,-0.29006234,-0.0070899753
134,0.6255687655951857,8,(((((NOT Left Leg reach ground) AND Angular Velocity Low) AND (NOT V_y Upward)) OR V_x High) AND (NOT V_y Upward)),-0.23087694,-0.19662797,-0.30795407,-0.27340105
188,0.0,1,Null,0.027564993,0.035072118,0.030451935,-0.0074980045
189,0.0,1,Null,0.011761177,-0.084126435,-0.004307958,-0.060398154
190,0.0,1,Null,0.03588879,0.026880085,0.020287652,0.00086999225
191,0.0,1,Null,-0.010016373,0.081362315,-0.010847262,0.05745383
192,0.0,1,Null,-0.012184412,0.03394508,0.013522233,0.02619603
193,0.0,1,Null,0.0065861046,-0.048186492,-0.094752505,-0.07587201
194,0.0,1,Null,0.019439526,-0.029602138,-0.008065622,-0.021311872
195,0.0,1,Null,-0.16032577,-0.098273434,-0.17794658,-0.14227477
196,0.0,1,Null,-0.014095151,0.0045594415,-0.00072459405,0.0016805363
197,0.0,1,Null,-0.026897945,0.04754547,-0.0054202923,0.028651178
163,0.6024628986422482,5,(((Right Leg reach ground AND X Coord In Center) OR V_y Upward) AND (NOT Y Coord Far From Ground)),0.011315806,-0.27628633,-0.38045806,0.06968018
175,0.7565771990433166,4,(((NOT Left Leg reach ground) AND Angular Velocity Low) OR Y Coord Far From Ground),-0.5137402,-0.5760321,-0.62441295,-0.01432627
155,0.5868678629690048,3,((V_x Low AND V_y High) AND Angular Velocity Low),-0.17088027,-0.15777151,-0.31946528,-0.16539423
201,0.0,1,Null,0.05660852,0.020636024,0.030813161,-0.109761484
176,0.9384,2,(V_x High OR V_x Low),0.5575045,0.5013933,0.6318263,0.5517467
203,0.0,1,Null,0.008941159,0.0044426103,-0.0077949604,-0.014865699
178,0.39446870451237265,3,((V_x High AND V_y Low) AND Y Coord Far From Ground),-0.39155284,-0.27715582,-0.47498032,-0.574233
205,0.0,1,Null,-0.026977153,0.074853435,0.30099416,0.011391374
206,0.0,1,Null,-0.08256654,-0.07840915,-0.0158233,-0.1300057
207,0.0,1,Null,-0.034841612,0.02225191,0.006522911,0.019526964
208,0.0,1,Null,0.038099404,0.016245564,-0.08932337,-0.05699577
209,0.0,1,Null,0.03616052,0.015001728,0.012859382,0.028512532
187,0.7451368876080692,5,((((X Coord In Center AND Y Coord Near Ground) AND Angle Near 0) OR Left Leg reach ground) OR Right Leg reach ground),-0.0009386942,-0.13909678,-0.99992913,0.0056446004
186,0.3498246261768507,6,((((NOT Left Leg reach ground) AND Y Coord Near Ground) OR Angular Velocity High) AND (NOT Y Coord Far From Ground)),-0.10778785,-0.21213908,-0.19395022,-0.1593693
211,0.0,1,Null,-0.09143487,-0.052044943,-0.039480027,-0.07931248
213,0.0,1,Null,-0.108494945,-0.0940572,0.15580925,0.026646458
199,0.9661,2,(V_x High OR V_x Low),0.5763887,0.62118345,0.62777716,0.5861435
200,0.8612434194033592,7,((((Angle Near 0 OR Angular Velocity Low) AND (NOT Left Leg reach ground)) AND (NOT Right Leg reach ground)) OR V_x High),-0.20673753,-0.23218621,-0.15467297,-0.2202722
204,0.8884834174090372,5,(((NOT Left Leg reach ground) AND (V_x High OR V_x Low)) OR V_y Upward),0.5775472,0.60095626,0.6111042,0.7055858
198,0.21544715447154472,4,(((V_x Low AND V_y High) AND Y Coord Far From Ground) AND Angle Near 0),-0.16729107,-0.30815005,-0.18600428,-0.19605616
210,1.0,2,(V_x High OR V_x Low),0.2920871,0.2805958,0.3613438,0.2189224
214,0.8778625954198473,3,((V_x Low OR Y Coord Near Ground) OR Large Angle),0.5732771,0.5629133,0.76394707,0.64714944
220,0.0,1,Null,0.002059358,-0.06551757,-0.0047716135,0.06493982
221,0.0,1,Null,-0.013550077,-0.39114508,-0.06589495,-0.13571855
222,0.0,1,Null,0.0018810396,0.020740325,0.0064842664,0.018990112
223,0.0,1,Null,-0.025953671,-0.040902283,-0.015772851,0.010220827
224,0.0,1,Null,0.0374705,-0.025913192,0.0108156055,-0.035891093
202,0.4257730289784685,6,((((NOT Right Leg reach ground) AND V_y Low) AND Angle Near 0) AND (NOT Left Leg reach ground)),-0.25275427,-0.2653288,-0.1833874,-0.24978405
212,0.7763611302549965,6,((((Angular Velocity Low OR Y Coord Near Ground) AND (NOT Left Leg reach ground)) OR Large Angle) OR X Coord Outside Wider Center),-0.41647798,-0.446507,-0.545147,-0.4303282
226,0.0,1,Null,-0.026028663,-0.08007942,-0.056029018,-0.07118081
227,0.0,1,Null,0.004233953,-0.06719144,-0.13653636,-0.066922955
229,0.0,1,Null,-0.24501552,-0.30637047,-0.38566026,-0.32517204
228,0.0,1,Null,-0.018685924,0.0050974065,0.019678637,0.031647
230,0.0,1,Null,-0.0007757776,0.009695624,-0.013122877,0.044044383
232,0.0,1,Null,0.029386338,-0.011126372,-0.007821656,0.032877825
231,0.0,1,Null,-0.017689006,-0.06940216,-0.05543658,-0.08107362
233,0.0,1,Null,-0.016338222,-0.08488636,0.015096154,-0.015389088
234,0.0,1,Null,0.03010821,0.0004596733,0.03425326,0.0023967165
235,0.0,1,Null,0.017405283,-0.0068020243,0.02439,0.010913592
237,0.0,1,Null,0.029151995,0.00216079,0.018975485,0.023347123
215,0.7543417738300411,8,(((((NOT Left Leg reach ground) AND V_y Low) OR V_x High) AND (NOT Right Leg reach ground)) AND (NOT V_y Upward)),-0.20281982,-0.23595083,-0.21684098,-0.33179066
216,0.6808296668761785,7,(((((NOT Left Leg reach ground) AND V_x Low) OR Y Coord Far From Ground) AND (NOT Right Leg reach ground)) OR V_y High),-0.19182487,-0.17774463,-0.31803766,-0.14966053
240,0.0,1,Null,0.010796664,5.9485e-05,-0.026308656,0.010690453
241,0.0,1,Null,-0.16424714,-0.08563794,-0.21268871,-0.19015047
242,0.0,1,Null,0.011142794,0.002157697,0.013688764,0.004180332
243,0.0,1,Null,-0.026202388,0.012670391,0.04184141,-0.0928891
244,0.0,1,Null,-0.2925081,-0.18810213,-0.22748627,-0.2825282
217,0.9998,2,(V_x High OR V_x Low),0.5604983,0.48118544,0.6091345,0.49978408
219,0.5809356038363672,5,((((NOT Left Leg reach ground) AND Y Coord Near Ground) AND Angle Near 0) AND V_x Low),-0.21604413,-0.39035225,-0.6419472,-0.19086477
218,0.6329787234042553,3,((NOT Right Leg reach ground) AND Angle Near 0),-0.24249469,-0.22168563,-0.6163312,-0.08436692
248,0.0,1,Null,-0.003101821,0.034549806,-0.019226713,0.023170816
249,0.0,1,Null,0.18769488,0.3548281,-0.29013926,0.29500735
250,0.0,1,Null,0.036153186,-0.010587812,-0.028131314,0.031653266
225,0.6818519068110995,5,((((NOT V_y High) AND Y Coord Near Ground) AND V_x Low) OR V_y Upward),0.04703513,0.043915275,-0.45468402,-0.3031213
252,0.0,1,Null,0.020504398,-0.2151697,-0.20141563,-0.1621171
253,0.0,1,Null,0.016942944,0.014724592,-0.038593363,-0.0023189262
254,0.0,1,Null,-0.15219496,-0.080242954,-0.047881037,-0.21092604
255,0.0,1,Null,0.019143285,0.03289356,0.004317675,0.032813266
238,0.6303620322482507,7,(((((NOT Right Leg reach ground) AND V_y Low) AND Angle Near 0) OR V_y High) AND (NOT Left Leg reach ground)),-0.35974893,-0.1569357,-0.46237844,-0.23567858
257,0.0,1,Null,0.014082462,-0.016707601,0.025468867,0.031736825
258,0.0,1,Null,-0.0043162466,-0.031626124,0.11404327,0.009871165
259,0.0,1,Null,-0.00028115118,0.080305725,0.0639531,-0.018245835
260,0.0,1,Null,-0.19451553,-0.26197892,-0.050162677,-0.18235655
236,0.9846,2,(V_x High OR V_x Low),0.5604166,0.5971528,0.45274615,0.56351435
262,0.0,1,Null,-0.0061163674,0.011233761,-0.023651533,0.006149119
263,0.0,1,Null,0.005145482,-0.009835628,-0.027252916,-0.07487965
264,0.0,1,Null,-0.018540576,-0.007488305,-0.022880778,0.005065273
239,0.32270837457929125,7,(((((NOT Left Leg reach ground) AND Y Coord Near Ground) AND (NOT Right Leg reach ground)) OR X Coord Outside Wider Center) AND V_y Low),-0.344337,-0.29556558,-0.3577169,-0.11541396
266,0.0,1,Null,0.044166833,-0.033711117,-0.018501285,-0.01914424
267,0.0,1,Null,0.033631556,0.031229822,-0.031362586,-0.011351718
268,0.0,1,Null,0.15690704,0.16674478,-0.051116094,0.00090296107
245,0.5538015463917526,5,(((Left Leg reach ground OR V_y Upward) AND (NOT Y Coord Far From Ground)) AND V_x Low),-0.8304662,-0.0058251047,-1.0172061,-0.26560226
270,0.0,1,Null,0.019233705,-0.01140091,-0.030181833,-0.047442544
271,0.0,1,Null,-0.19272162,-0.17011307,-0.2719153,-0.17988162
272,0.0,1,Null,-0.038222585,0.008373048,-0.066142455,-0.062776156
273,0.0,1,Null,-0.023326166,2.4445171e-06,-0.007664673,-0.0007351991
274,0.0,1,Null,0.029683178,-0.026528873,0.022250574,-0.043809954
275,0.0,1,Null,0.013203397,-0.027588326,0.0077958447,-0.03736123
276,0.0,1,Null,-0.07566069,0.16658916,0.0025390242,0.096176475
277,0.0,1,Null,-0.033379667,-0.019030534,-0.06927191,0.005022969
246,0.5392057026476579,7,(((((NOT Right Leg reach ground) AND Y Coord Near Ground) AND V_y Low) AND (NOT V_y High)) AND Angle Near 0),-0.060227204,-0.10219816,-0.5277887,-0.22064498
279,0.0,1,Null,-0.24618906,-0.16470696,-0.32792443,-0.43678203
280,0.0,1,Null,-0.038867243,-0.0047815805,-0.0494559,-0.11330912
281,0.0,1,Null,-0.05835117,-0.089022756,-0.3256569,-0.057479955
282,0.0,1,Null,-0.047666725,-0.06279665,-0.076219015,-0.07246969
283,0.0,1,Null,-0.0448086,-0.007690695,-0.031669572,-0.07574193
284,0.0,1,Null,0.0021402098,0.009766853,-0.017907333,-0.044064995
247,0.42441860465116277,6,((((NOT Right Leg reach ground) AND Left Leg reach ground) OR V_x High) AND (NOT Y Coord Far From Ground)),0.07891415,0.16260377,0.08075787,-0.092336215
286,0.0,1,Null,-0.00070237677,-0.079190835,-0.035998613,-0.03595239
287,0.0,1,Null,-0.0150507875,0.01961395,-0.04744275,-0.059873916
288,0.0,1,Null,-0.0123906685,-0.07088296,-0.08201934,-0.051917486
289,0.0,1,Null,-0.053674106,-0.036206804,-0.083471544,-0.053389378
256,0.9438729874776386,6,((((Angle Near 0 OR Large Angle) AND (NOT Left Leg reach ground)) OR Angular Velocity High) OR V_x High),0.41617432,0.44171748,0.23835364,0.2984923
261,0.9052251529435362,4,(((Angular Velocity Low OR V_x Low) OR X Coord In Center) OR Y Coord Far From Ground),0.62330043,0.63492054,0.63211936,0.68745625
251,0.43070652173913043,3,((V_y Low AND Y Coord Far From Ground) AND V_y High),-0.22257738,-0.20624664,-0.24315168,-0.23547362
291,0.0,1,Null,-0.021544347,0.0016564582,0.0034409566,-0.009099848
292,0.0,1,Null,0.056868516,-0.02240376,-0.05041601,-0.053843424
295,0.0,1,Null,0.010481193,-0.0002932683,0.039212048,-0.035704363
294,0.0,1,Null,-0.040633142,-0.04499492,-0.06440723,-0.09012422
293,0.0,1,Null,0.038639978,-0.35145575,0.042257097,-0.16825898
296,0.0,1,Null,0.04495295,-0.015783396,0.011360094,0.047566667
297,0.0,1,Null,0.023854563,-0.023973033,0.03375158,-0.028379597
298,0.0,1,Null,0.0064324816,0.01914109,0.020141251,-0.00789549
300,0.0,1,Null,-0.012013653,0.028373696,0.026161391,0.033043433
301,0.0,1,Null,-0.40584603,-0.44546306,0.4348588,-0.09492596
302,0.0,1,Null,0.0077497624,0.021951754,0.029515823,0.008975303
303,0.0,1,Null,-0.24955964,-0.21914808,-0.14386487,-0.12701948
305,0.0,1,Null,0.0028081439,-0.061762407,-0.10652344,-0.080654845
306,0.0,1,Null,0.00016898931,0.012846198,-0.021876283,0.008639455
307,0.0,1,Null,0.03359231,-0.02597519,-0.029523104,-0.0006377988
308,0.0,1,Null,0.0020549644,-0.005727704,0.026087435,0.001275379
309,0.0,1,Null,-0.54692805,-0.2026046,-0.27970666,-0.4882741
265,0.7080428954423592,3,((Left Leg reach ground OR V_y Upward) OR Right Leg reach ground),0.39821795,0.254459,-0.19091122,0.38783622
269,0.34419263456090654,6,((((Angular Velocity High OR Left Leg reach ground) AND V_x Low) AND (NOT Y Coord Far From Ground)) OR V_y Upward),-0.2679718,-0.7485882,-0.22989833,-0.26858243
278,0.5835257890685143,2,(Left Leg reach ground OR Right Leg reach ground),0.09298878,0.03186593,0.21526852,-0.04981832
313,0.0,1,Null,0.035958882,-0.02468377,-0.010465107,0.012248384
314,0.0,1,Null,-0.05776452,-0.1767128,-0.28768373,-0.010378648
315,0.0,1,Null,-0.06491249,0.023271678,-0.04726045,0.011653847
285,0.7129502963976289,5,(((NOT V_y Upward) AND (V_y High OR Y Coord Far From Ground)) AND Angular Velocity Low),0.75312096,0.6112994,0.6352163,0.5750077
317,0.0,1,Null,0.0196108,0.008067036,-0.02566621,-0.050291095
318,0.0,1,Null,0.018304592,-0.09095014,-0.14129277,-0.15425615
319,0.0,1,Null,0.015356844,-0.0006904639,0.053121705,0.023379166
290,0.8900100908173562,7,(((((NOT Right Leg reach ground) AND Angle Near 0) OR Y Coord Far From Ground) AND (NOT Left Leg reach ground)) OR X Coord Outside Wider Center),-0.30130598,-0.3331936,-0.24744532,-0.33336785
299,0.9199617727870028,6,((((Angle Near 0 OR Angular Velocity Low) AND (NOT Left Leg reach ground)) OR V_x High) OR Y Coord Far From Ground),-0.21699475,-0.30997735,-0.09754005,-0.32547626
322,0.0,1,Null,-0.021365432,-0.101209514,-0.07376417,-0.002340959
304,0.3835034013605442,8,(((((NOT V_y Low) AND Y Coord Near Ground) OR Large Angle) AND (NOT X Coord Outside Wider Center)) AND (NOT Left Leg reach ground)),-0.38861457,-0.3290736,-0.43019527,-0.15075208
324,0.0,1,Null,0.022967407,-0.0358514,-0.008736371,-0.009961371
310,0.9512,2,(Angle Near 0 OR Large Angle),0.18484344,0.09818184,0.2890641,0.24090128
326,0.0,1,Null,-0.6234515,-0.29632348,-0.43876263,-0.524509
327,0.0,1,Null,-0.077744715,-0.032524727,-0.020423416,-0.07151962
328,0.0,1,Null,-0.025031278,-0.07108792,-0.08981324,-0.12579648
329,0.0,1,Null,-0.11843245,-0.03322699,0.030037085,-0.025829125
311,0.37152087475149104,3,((Angle Near 0 AND Y Coord Far From Ground) OR V_x High),-0.21837507,-0.27170992,-0.11292584,-0.07639544
331,0.0,1,Null,-0.049639877,-0.032759342,-0.074764006,-0.097597204
332,0.0,1,Null,0.02901384,-0.066864334,-0.03081504,0.071375616
333,0.0,1,Null,0.023691013,0.014289664,0.030133408,0.042747237
312,0.6949309978768577,7,(((((NOT Right Leg reach ground) AND V_y Low) OR Y Coord Far From Ground) AND (NOT Left Leg reach ground)) OR X Coord Outside Wider Center),-0.22162789,-0.26085168,-0.19220126,-0.23034413
335,0.0,1,Null,-0.29666287,-0.33910632,-0.3804793,-0.15726966
336,0.0,1,Null,0.029662382,-0.019856438,-0.027191494,0.03443193
337,0.0,1,Null,-0.016498867,-0.039167143,0.012352466,-0.009030473
338,0.0,1,Null,-0.45062065,-0.17292358,-0.30004066,-0.25415263
339,0.0,1,Null,0.011417747,-0.06835116,-0.08765297,-0.07202721
316,0.2520385470719051,7,(((((NOT X Coord In Center) AND Y Coord Near Ground) AND Angle Near 0) AND (NOT V_y High)) AND V_y Low),-0.24265632,-0.15453126,-0.17480922,-0.28120145
321,0.3916739319965126,8,(((((NOT Right Leg reach ground) AND Angle Near 0) AND (NOT V_y High)) AND (NOT V_y Upward)) AND V_x Low),-0.6185186,-0.6770583,-0.6117378,-0.29565048
342,0.0,1,Null,-0.1997792,-0.0147542395,0.21081221,-0.17007345
343,0.0,1,Null,0.010623028,-0.007914147,0.008041367,0.111421615
320,0.5735849056603773,3,((V_y High OR Y Coord Far From Ground) AND V_y Low),-0.20045531,-0.26083532,-0.26984462,-0.23853032
345,0.0,1,Null,0.010760207,-0.043907747,0.014949121,0.024683818
323,0.6522206303724928,6,((((V_y High OR Y Coord Far From Ground) OR V_x High) OR Large Angle) AND (NOT Left Leg reach ground)),-0.3070533,-0.20474394,-0.16804208,-0.2996649
347,0.0,1,Null,-0.0026166593,-0.0011607228,-0.0020315393,-0.035075914
348,0.0,1,Null,-0.00044529422,-0.10663795,-0.10634355,-0.12125062
349,0.0,1,Null,-0.18842648,-0.20291896,-0.20005982,-0.30454305
350,0.0,1,Null,-0.12946185,-0.3120566,0.040796805,-0.005637576
330,0.6826353637901861,4,(((Angle Near 0 OR Left Leg reach ground) OR Angular Velocity High) OR V_y Upward),-0.33406675,-0.08531357,-0.366446,-0.053066548
352,0.0,1,Null,-0.039839298,0.00044917813,0.013058267,0.02492413
353,0.0,1,Null,-0.0085185,0.024910353,0.014677612,-0.0042487183
354,0.0,1,Null,-0.04361402,-0.03923049,-0.114845425,-0.104230545
355,0.0,1,Null,0.014991603,0.015083164,0.01684869,0.047428478
334,0.9111066113192264,5,((((Angular Velocity Low OR X Coord In Center) OR Angle Near 0) OR Y Coord Far From Ground) OR V_x High),0.8530262,0.89899176,0.72025466,0.93759096
357,0.0,1,Null,0.014975186,-0.049425587,0.02234133,0.0048255133
358,0.0,1,Null,0.018355584,0.0148735,0.026359534,-0.015715126
359,0.0,1,Null,-0.22898416,-0.16535383,0.0444115,0.01692544
325,0.5849889624724062,6,((((V_x High OR V_y High) OR Y Coord Far From Ground) OR X Coord Outside Wider Center) AND (NOT V_y Upward)),-0.27931735,-0.1864602,-0.16601323,-0.2929169
361,0.0,1,Null,-0.005125083,0.010141441,-0.029448513,-0.023032503
340,0.8416632942128692,5,((((Angular Velocity Low OR X Coord In Center) OR Y Coord Far From Ground) OR Angle Near 0) OR V_x High),0.7745259,0.89812034,0.6288882,0.90023667
341,0.42877030162412993,7,(((((NOT Right Leg reach ground) AND Y Coord Near Ground) AND Angle Near 0) AND V_x Low) AND (NOT Left Leg reach ground)),-0.29649013,-0.22381592,-0.24474324,-0.20714056
344,0.7358757062146892,5,((((NOT Left Leg reach ground) AND Y Coord Near Ground) OR Large Angle) OR X Coord Outside Wider Center),-0.3940274,-0.31997877,-0.52827847,-0.28567436
346,0.36338504070035327,5,(((Large Angle OR Y Coord Near Ground) AND (NOT Left Leg reach ground)) OR V_x High),-0.33668587,-0.28764004,-0.2676829,-0.20214966
366,0.0,1,Null,-0.0056864517,-0.094022095,-0.08075755,-0.08422867
365,0.0,1,Null,0.016870296,0.01927666,0.032214582,0.00064176496
367,0.0,1,Null,-0.060763296,0.025624387,-0.041788198,-0.025528526
368,0.0,1,Null,0.02561293,-0.0053615714,0.03188216,-0.016875261
369,0.0,1,Null,0.032550838,0.018670138,-0.02176861,0.014636952
370,0.0,1,Null,0.028541537,-0.006114749,0.02675848,-0.011382845
364,0.0,1,Null,-0.06766285,-0.06969441,-0.013499332,-0.019161133
356,0.662463976945245,3,((Angle Near 0 AND V_y High) AND Angular Velocity Low),-0.23706132,-0.24805942,-0.36952418,-0.281785
374,0.0,1,Null,0.017796233,-0.018903404,-0.017185524,-0.01446534
375,0.0,1,Null,-0.069949955,-0.017296508,-0.07148301,-0.056766998
351,0.5406129128235644,5,(((V_y High OR Y Coord Far From Ground) AND V_y Low) AND (NOT Left Leg reach ground)),-0.396877,-0.17743014,-0.34030265,-0.3276407
363,0.6299040976460332,5,((((V_y High OR Y Coord Far From Ground) OR X Coord Outside Wider Center) AND Angle Near 0) OR Y Coord Far From Ground),-0.14575753,-0.25878707,-0.18894798,-0.31987363
378,0.0,1,Null,-0.03152046,0.02487836,0.008696907,-0.009693828
379,0.0,1,Null,-0.18563361,0.17274117,0.04393399,0.27938285
380,0.0,1,Null,-0.019771727,-0.09299099,-0.14146426,-0.11756367
381,0.0,1,Null,-0.06724549,-0.07762401,-0.21534087,-0.118097134
382,0.0,1,Null,0.011604992,-0.16516872,-0.10246529,-0.081319906
383,0.0,1,Null,-0.17979667,-0.123920515,-0.12853195,-0.1652249
384,0.0,1,Null,0.028204622,0.030687256,0.031199537,-0.024359964
360,0.7226708448836929,5,(((Angle Near 0 OR Angular Velocity Low) AND (NOT Left Leg reach ground)) OR Y Coord Far From Ground),-0.46941578,-0.44980335,-0.5255775,-0.7039879
362,0.629435718440954,8,(((((NOT Left Leg reach ground) AND Angular Velocity Low) AND (NOT V_y Upward)) OR V_x High) AND (NOT V_y Upward)),-0.19841053,-0.21779253,-0.26103687,-0.27147552
387,0.0,1,Null,-0.007092465,0.032003835,-0.036662187,0.031041164
371,0.47825021443450555,3,((Angle Near 0 AND V_y Low) OR Left Leg reach ground),-0.59826714,-0.22930567,-0.1387814,-0.4396101
389,0.0,1,Null,0.008598268,-0.30006388,-0.1959129,-0.28482512
390,0.0,1,Null,-0.0052311122,0.0044003497,0.013760589,-0.01597397
372,0.5537228302759365,6,((((NOT Right Leg reach ground) AND Angle Near 0) AND V_y Low) AND (NOT Left Leg reach ground)),-0.29769775,-0.35191685,-0.24653421,-0.011323416
392,0.0,1,Null,0.0036370873,0.02269189,0.023792995,0.025720581
393,0.0,1,Null,-0.041868,0.0076121385,0.012986534,-0.04223907
394,0.0,1,Null,-0.024592126,-0.050479785,-0.05978887,-0.009531112
395,0.0,1,Null,0.041921794,-0.028714264,-0.1504061,-0.045055307
396,0.0,1,Null,0.0045860945,0.01522305,0.03145265,-0.026078891
397,0.0,1,Null,0.02837621,0.013918628,-0.0432559,0.011606425
398,0.0,1,Null,0.035518676,0.030824754,0.049017742,0.009970503
399,0.0,1,Null,-0.29315108,-0.2038352,-0.2904207,-0.33713737
373,0.6149849145155883,8,(((((NOT Right Leg reach ground) AND Angle Near 0) AND (NOT V_y Upward)) AND Angular Velocity Low) AND (NOT Left Leg reach ground)),-0.32700145,-0.2267519,-0.26059058,-0.26373777
401,0.0,1,Null,0.037266836,0.022492427,9.267068e-05,0.022888776
376,0.5546558704453441,5,(((Large Angle OR Y Coord Near Ground) AND (NOT Left Leg reach ground)) OR X Coord Outside Wider Center),-0.08182981,-0.18763204,-0.15478027,-0.09625401
403,0.0,1,Null,0.015764603,-0.036658686,0.013729971,0.025813982
377,0.35729490748321596,5,(((Large Angle OR Y Coord Near Ground) AND (NOT Left Leg reach ground)) OR X Coord Outside Wider Center),-0.23844144,-0.31299475,-0.1666867,-0.14154601
386,0.9998,2,(V_x High OR V_x Low),0.4036836,0.37702566,0.47783008,0.43018112
406,0.0,1,Null,0.007914867,-0.11551743,-0.1064581,0.06476622
407,0.0,1,Null,0.018162401,-0.02694892,-0.018067474,-0.046872143
408,0.0,1,Null,-0.027690006,0.024170438,0.0013501473,-0.0013180203
409,0.0,1,Null,-0.0056744185,0.013304615,0.002914729,-0.011668236
385,0.4839638157894737,3,((Angular Velocity Low OR X Coord In Center) OR Y Coord Far From Ground),0.06967204,-0.09674449,-0.34831196,0.026087226
388,0.31729459827507944,5,(((Angle Near 0 AND V_y High) AND (NOT X Coord Outside Wider Center)) AND Angular Velocity Low),-0.17854138,-0.21888196,-0.22965106,-0.18360917
412,0.0,1,Null,0.020305939,0.0050162785,-0.004259895,0.004473833
402,0.8099290780141843,1,V_y High,-0.20439868,-0.36175945,-0.09601429,-0.27079728
414,0.0,1,Null,-0.0076312097,-0.026472062,-0.019500935,-0.07427071
415,0.0,1,Null,0.022003856,0.019768216,0.03252026,-0.019686226
416,0.0,1,Null,-0.17131323,-0.115963474,-0.22664589,-0.18230352
417,0.0,1,Null,0.0068989964,-0.0035863195,-0.0118304305,0.020296156
400,0.26572908956328645,6,(((Angular Velocity Low AND Large Angle) AND (NOT Left Leg reach ground)) AND (NOT V_y Upward)),-0.19911315,-0.23108104,-0.38641605,-0.49369848
418,0.0,1,Null,-0.0064549837,-0.040442247,0.015862545,0.05801078
391,0.5041782729805014,7,(((((NOT Right Leg reach ground) AND Y Coord Near Ground) OR V_y High) AND Angle Near 0) AND (NOT Left Leg reach ground)),-0.18205427,-0.20064098,-0.123250805,-0.037300203
419,0.0,1,Null,-0.02636128,-0.1101278,-0.07598311,-0.124007605
420,0.0,1,Null,-0.11855571,-0.14221062,-0.29112688,-0.18681227
423,0.0,1,Null,0.0067076213,0.023090811,-0.11397315,-0.04537294
422,0.0,1,Null,-0.008312679,-0.02229468,0.05465641,0.0032513759
421,0.0,1,Null,-0.022842871,-0.07032603,-0.07724536,-0.18320425
424,0.0,1,Null,-0.08138032,-0.16999495,-0.03072747,-0.10805836
425,0.0,1,Null,-0.11308574,0.004726352,0.10383358,0.17876078
426,0.0,1,Null,-0.0072248336,-0.08065063,-0.0080754915,-0.051187616
428,0.0,1,Null,-0.11121441,-0.31469402,-0.08139387,0.005701055
429,0.0,1,Null,-0.15097749,-0.11924039,-0.10911758,-0.122205004
430,0.0,1,Null,-0.010141959,-0.037542406,0.0022329923,-0.013725421
432,0.0,1,Null,-0.094130695,-0.030474491,-0.17196667,-0.10229573
433,0.0,1,Null,-0.3476677,-0.30510905,-0.25448844,-0.2809861
434,0.0,1,Null,0.0070629795,0.027651634,-0.030084314,0.03378831
404,0.37383674554639723,7,(((((NOT Right Leg reach ground) AND Y Coord Near Ground) AND V_y Low) AND Angle Near 0) AND (NOT V_y High)),-0.14229925,-0.6071766,-0.50582343,-0.50940174
436,0.0,1,Null,-0.04063977,-0.0040300926,-0.036211144,0.0119302245
437,0.0,1,Null,-0.1341402,-0.15405385,-0.23291577,-0.26812536
438,0.0,1,Null,0.005617827,-0.026984677,-0.023492843,0.008609562
439,0.0,1,Null,-0.028651996,-0.041992106,-0.016875904,0.010521244
410,0.8640698609674825,5,(((NOT X Coord Outside Wider Center) AND (V_y High OR Y Coord Near Ground)) OR V_y High),0.26727256,0.35214671,0.66169536,0.4469946
441,0.0,1,Null,-0.087120585,-0.12991925,-0.014075557,-0.10924023
442,0.0,1,Null,-0.0016115705,0.017355086,-0.02515902,0.024352955
443,0.0,1,Null,-0.20163862,-0.18916324,-0.17060734,-0.20130147
444,0.0,1,Null,0.011659498,0.028592525,0.02185813,0.01650081
445,0.0,1,Null,-0.011279381,-0.06564323,-0.044917926,0.002705945
446,0.0,1,Null,0.00472025,0.01555968,0.03926909,-0.007959531
447,0.0,1,Null,-0.034054592,-0.05822104,-0.019045852,-0.0044561117
448,0.0,1,Null,0.025824687,0.018767111,0.027059373,0.0043395646
449,0.0,1,Null,-0.0129436925,-0.003168384,-0.009790428,0.0266729
450,0.0,1,Null,-0.00057476986,-0.090703405,-0.11131314,-0.072103485
405,0.9817,2,(V_x High OR V_x Low),0.3943812,0.30562147,0.47310182,0.40157107
452,0.0,1,Null,0.0025091078,0.030715402,0.030273924,0.009418666
453,0.0,1,Null,-0.0053842384,0.012447568,0.019123854,0.03494714
454,0.0,1,Null,0.0374096,-0.015276102,-0.011819111,0.021184228
455,0.0,1,Null,0.008534894,-0.047897313,0.028039558,-0.034847654
411,0.9999,2,(V_x High OR V_x Low),0.47847337,0.4547682,0.50552785,0.36282632
457,0.0,1,Null,-0.03537973,-0.08995996,-0.0058625,-0.122854345
458,0.0,1,Null,-0.007476215,-0.04459037,0.026736572,0.0068358905
459,0.0,1,Null,-0.12480929,-0.22985764,-0.22471063,0.007849165
460,0.0,1,Null,0.024746725,-0.005365529,0.0075728274,0.03064068
461,0.0,1,Null,0.034040194,0.0015347785,0.03662969,0.010253283
462,0.0,1,Null,0.026611745,0.016837671,0.007455295,0.008872309
413,0.38858695652173914,8,(((((NOT Right Leg reach ground) AND Angle Near 0) AND V_x Low) AND (NOT Left Leg reach ground)) AND (NOT X Coord Outside Wider Center)),-0.22379136,-0.29768986,-0.11120276,-0.16225535
464,0.0,1,Null,0.039844953,-0.069885924,-0.09220452,-0.08384716
465,0.0,1,Null,-0.1580193,0.23650026,-0.04419084,-0.1459884
427,0.5974979149291076,6,(((((NOT Right Leg reach ground) AND Y Coord Near Ground) OR Large Angle) OR X Coord Outside Wider Center) AND V_x Low),-0.66166633,-0.5527297,-0.51358795,-0.649617
435,0.43782144270077805,4,((Angle Near 0 OR V_y Upward) AND (NOT Right Leg reach ground)),-0.7122824,-0.38480854,-0.7848799,-0.7388938
467,0.0,1,Null,-0.04791317,0.09607496,0.15003914,0.02846639
431,0.9422,2,(V_x High OR V_x Low),0.5038525,0.41593695,0.43143877,0.47893158
468,0.0,1,Null,0.0019303685,-0.037842147,-0.06651771,-0.124295846
469,0.0,1,Null,-0.014716695,-0.014439032,0.048544914,-0.015379891
470,0.0,1,Null,-0.0060725035,0.0020241456,-0.026131345,0.017669752
472,0.0,1,Null,-0.5040526,-0.61055243,-0.37077814,-0.5268019
471,0.0,1,Null,0.012012295,-0.04606344,0.019361556,0.0024192312
473,0.0,1,Null,0.012906044,-0.008901443,0.024567679,0.009411906
474,0.0,1,Null,0.020489313,0.02025517,0.025078127,-0.047300454
475,0.0,1,Null,-0.008426009,-0.07950519,0.03426109,-0.1079663
478,0.0,1,Null,-0.098203555,-0.22898589,-0.22978316,-0.2560398
479,0.0,1,Null,0.04242216,0.0001265965,0.014566446,-0.007715424
480,0.0,1,Null,-0.006721128,-0.035100058,-0.05035027,0.011732495
481,0.0,1,Null,0.026297823,-0.035685528,-0.031281646,0.032408834
482,0.0,1,Null,0.032760136,0.030905256,0.013396333,-0.01516235
483,0.0,1,Null,-0.061059084,0.013875022,-0.39044267,0.07498418
484,0.0,1,Null,-0.034761477,-0.063334875,-0.08866392,-0.021775397
485,0.0,1,Null,-0.057623714,-0.017456759,-0.07743987,-0.04409462
477,0.0,1,Null,0.03383815,0.0005346446,0.026397692,-0.03463317
451,0.5819738329833629,5,((((NOT V_y High) AND Y Coord Near Ground) OR Left Leg reach ground) AND V_x Low),-0.8711745,0.1021004,-0.48577958,-0.13529831
463,0.9876,2,(V_x High OR V_x Low),0.3487535,0.53943497,0.38593405,0.38709453
489,0.0,1,Null,-0.0653466,-0.18188983,-0.059344642,0.019529779
490,0.0,1,Null,-0.011927852,-0.079974145,-0.07274176,-0.101753674
491,0.0,1,Null,0.005957559,0.011984288,0.030263696,-0.01284244
456,0.4264453348597596,6,((((NOT V_y High) AND (X Coord In Center AND Y Coord Near Ground)) AND Angle Near 0) OR Right Leg reach ground),0.15279688,0.10366127,0.19178826,0.11738022
493,0.0,1,Null,-0.180602,-0.22680156,-0.15735202,-0.20862558
494,0.0,1,Null,-0.06177082,-0.18056075,-0.16092633,-0.23793262
495,0.0,1,Null,-0.013272765,-0.023715852,-0.117484435,-0.104551345
440,0.5359954200658366,5,(((NOT Left Leg reach ground) AND V_y Low) AND (NOT Right Leg reach ground)),-0.30519372,-0.283545,-0.26960093,-0.14268333
476,0.9982,2,(V_x High OR V_x Low),0.46342978,0.53343487,0.41721925,0.4892876
487,0.422177009155646,3,((V_y Low AND Y Coord Far From Ground) AND Angle Near 0),-0.3018676,-0.46341303,-0.27750003,-0.17767704
499,0.0,1,Null,0.020334141,0.023543188,0.02081576,0.01435186
500,0.0,1,Null,0.105055995,-0.11567895,0.016568199,-0.104999505
501,0.0,1,Null,-0.17138155,0.07510416,-0.0904856,-0.042750604
486,0.3806875631951466,3,((V_x Low AND V_y High) AND Angle Near 0),-0.35420483,-0.2148291,-0.5065854,-0.4029348
503,0.0,1,Null,-0.003036644,0.026260875,-0.009494307,-0.021516195
504,0.0,1,Null,-0.039357018,-0.03625429,-0.009640737,-0.065335125
505,0.0,1,Null,-0.03616731,0.009838619,-0.0015947917,-0.0062864013
506,0.0,1,Null,-0.07482201,-0.076814525,-0.11260045,-0.13823305
507,0.0,1,Null,-0.2184783,-0.18745394,-0.2689644,-0.26998585
508,0.0,1,Null,0.015250634,0.03227937,0.017315965,0.03882552
509,0.0,1,Null,0.031073248,-0.04234334,0.02507487,-0.03995639
510,0.0,1,Null,-0.29986528,-0.24836367,-0.33545035,-0.34766042
466,0.3525258011950027,5,(((Large Angle OR V_y Upward) AND (NOT Left Leg reach ground)) OR Angular Velocity High),-0.54899645,-0.21836297,-0.19810079,-0.16414292
488,0.49597720415688906,5,(((Large Angle OR Y Coord Near Ground) AND (NOT Left Leg reach ground)) OR X Coord Outside Wider Center),-0.10961292,-0.18249676,-0.15276177,-0.17339496
492,0.9394501418284966,6,((((NOT Right Leg reach ground) AND (V_x High OR V_x Low)) OR Angular Velocity High) OR Large Angle),0.59134376,0.51293427,0.37078553,0.53313756
496,0.438979447200567,7,(((((NOT Left Leg reach ground) AND V_x Low) OR V_x High) AND (NOT V_y High)) OR V_x High),-0.17816757,-0.22022234,-0.37109852,-0.121699184
497,0.49663189917427203,5,((((V_y High OR Y Coord Near Ground) OR Large Angle) OR Angular Velocity High) OR X Coord Outside Wider Center),0.20668676,0.69571924,0.3457998,0.107717134
502,0.33980925468032497,5,((((Large Angle OR V_y High) AND Angular Velocity Low) AND V_x Low) AND V_y Low),-0.35986137,-0.28475443,-0.025685083,0.024836108
498,0.14218504966021955,8,((((Angular Velocity High OR X Coord Outside Wider Center) AND (NOT Left Leg reach ground)) AND (NOT V_y High)) AND (NOT Right Leg reach ground)),-0.55629236,-0.6666422,-0.15782855,-0.64789265
511,0.36566830576665177,5,(((Left Leg reach ground OR X Coord Outside Wider Center) AND V_x Low) AND (NOT Y Coord Far From Ground)),-0.2780895,-0.46693,-0.4235564,-0.51846695
